run_dir,h,rows,snr_min,snr_max,ber_1e3_snr_interp,ber_1e7_snr_interp,waterfall_slope_decades_per_db,best_positive_snr,best_positive_ber,first_zero_error_snr,total_blocks,total_elapsed_s,sec_per_input_block,notes
20260627_2109_h15,15,12,13.5,14.6,13.786148850324029,,26.525286136583784,13.9,1.7447905106977983e-06,14.0,379728,1781.4370390000404,0.004691350227004699,MC coarse calibration only; not used as paired exactness evidence.
20260627_2139_h18,18,12,13.5,14.6,13.758343935901685,,17.452837694426808,13.9,5.6425730387369794e-06,14.0,365232,1921.0352224000962,0.00525976700398677,MC coarse calibration only; not used as paired exactness evidence.
20260627_2211_h20,20,12,13.5,14.6,13.764714867870186,,10.871740824324784,13.8,0.0004134178161621094,13.9,411120,2371.8884627997177,0.005769333680676488,MC coarse calibration only; not used as paired exactness evidence.
20260627_2251_h22,22,6,13.5,14.0,13.757065915664533,,11.891667371951552,13.8,0.00030863285064697266,13.9,111416,985.9160730999429,0.008848963103144458,MC coarse calibration only; not used as paired exactness evidence.
